
INSERT INTO place (id, address_id, latitude, longitude, description, name) VALUES
                                                                               (1, 1, 52.1234, 19.1234, 'Główne wejście na farmę wiatrową A',          'Wejście A'),
                                                                               (2, 2, 52.1250, 19.1300, 'Teren serwisowy turbiny nr 1',               'Serwis T1'),
                                                                               (3, 3, 52.1275, 19.1350, 'Stacja diagnostyczna czujników wibracji',    'Diagnostyka'),
                                                                               (4, 1, 52.1300, 19.1400, 'Plac montażowy elementów wieży',            'Montaż Wieży'),
                                                                               (5, 2, 52.1325, 19.1450, 'Magazyn części zamiennych',                  'Magazyn B'),
                                                                               (6, 3, 52.1350, 19.1500, 'Strefa testowa systemu chłodzenia gondoli',  'Testy Chłodzenia'),
                                                                               (7, 1, 52.1375, 19.1550, 'Obszar wymiany łożysk i tulei',             'Wymiana Łożysk'),
                                                                               (8, 2, 52.1400, 19.1600, 'Stacja uzupełniania smarów i olejów',       'Smary i Oleje'),
                                                                               (9, 3, 52.1425, 19.1650, 'Sekcja montażowa generatora',                'Mont. Generatora'),
                                                                               (10,1, 52.1450, 19.1700, 'Punkt kontroli oświetlenia awaryjnego',      'Kontrola Oświetlenia');

INSERT INTO cart (id, description, name) VALUES
                                             (1, 'Przygotowanie części do dostawy na farmę A',         'Koszyk Dostawy A'),
                                             (2, 'Zestaw narzędzi serwisowych dla T1',                  'Koszyk Serwis T1'),
                                             (3, 'Materiały do testów systemu chłodzenia',              'Koszyk Testów Chłodzenia'),
                                             (4, 'Części zapasowe do generatorów',                      'Koszyk Generator'),
                                             (5, 'Akcesoria do inspekcji czujników wibracji',           'Koszyk Diagnostyka');


INSERT INTO stock_position (id, min_stock, description, name, type) VALUES
                                                                        (1, 10, 'Części do łopat turbiny', 'A01', 'PRODUCT'),
                                                                        (2, 5,  'Silniki elektryczne do turbin', 'A02', 'PRODUCT'),
                                                                        (3, 15, 'Łożyska i tuleje do turbin', 'A03', 'PRODUCT'),
                                                                        (4, 8,  'Panele sterujące i czujniki', 'A04', 'PRODUCT'),
                                                                        (5, 12, 'Elementy konstrukcyjne wieży', 'A05', 'PRODUCT'),
                                                                        (6, 10, 'Przewody i okablowanie', 'A06', 'PRODUCT'),
                                                                        (7, 20, 'Zestawy narzędzi serwisowych', 'A07', 'TOOL'),
                                                                        (8, 6,  'Smary i oleje do konserwacji', 'A08', 'PRODUCT'),
                                                                        (9, 10, 'Elementy hydrauliczne', 'A09', 'PRODUCT'),
                                                                        (10,7,  'Systemy chłodzenia i wentylacji', 'A10', 'PRODUCT'),

                                                                        (11,5,  'Części zapasowe generatora', 'B01', 'PRODUCT'),
                                                                        (12,8,  'Elementy mechaniczne przekładni', 'B02', 'PRODUCT'),
                                                                        (13,5,  'Czujniki wibracji i temperatury', 'B03', 'PRODUCT'),
                                                                        (14,10, 'Oświetlenie awaryjne i sygnalizacja', 'B04', 'PRODUCT'),
                                                                        (15,15, 'Zestawy montażowe i śruby', 'B05', 'PRODUCT'),
                                                                        (16,6,  'Panele kontrolne i panele operatorskie', 'B06', 'PRODUCT'),
                                                                        (17,8,  'Elementy zabezpieczeń elektrycznych', 'B07', 'PRODUCT'),
                                                                        (18,12, 'Zawory i elementy pneumatyczne', 'B08', 'PRODUCT'),
                                                                        (19,7,  'Materiały izolacyjne', 'B09', 'PRODUCT'),
                                                                        (20,10, 'Systemy komunikacyjne', 'B10', 'PRODUCT'),

                                                                        (21,5,  'Kable zasilające i adaptery', 'C01', 'PRODUCT'),
                                                                        (22,10, 'Zestawy do diagnostyki i pomiarów', 'C02', 'TOOL'),
                                                                        (23,6,  'Elementy obudów i osłon', 'C03', 'PRODUCT'),
                                                                        (24,10, 'Farby i środki antykorozyjne', 'C04', 'PRODUCT'),
                                                                        (25,8,  'Akumulatory i baterie awaryjne', 'C05', 'PRODUCT'),
                                                                        (26,12, 'Komponenty sterujące oprogramowaniem', 'C06', 'PRODUCT'),
                                                                        (27,10, 'Rury i przewody hydrauliczne', 'C07', 'PRODUCT'),
                                                                        (28,7,  'Elementy systemów bezpieczeństwa', 'C08', 'PRODUCT'),
                                                                        (29,9,  'Filtry powietrza i oleju', 'C09', 'PRODUCT'),
                                                                        (30,5,  'Instrukcje obsługi i dokumentacja techniczna', 'C10', 'PRODUCT');

INSERT INTO car (id, insured, review, year, brand, color, description, model, name, registration) VALUES
                                                                                                      (1, '2024-01-15', '2024-06-01', '2018-01-01', 'Ford',     'Biały', 'Van serwisowy do turbin',           'Transit',      'Serwis Van 1', 'WPL12345'),
                                                                                                      (2, '2024-02-20', '2024-05-20', '2019-01-01', 'Mercedes', 'Niebieski', 'Ciężarówka do transportu części',    'Sprinter',     'Transporter 2','WPL23456'),
                                                                                                      (3, '2024-03-10', '2024-07-10', '2020-01-01', 'Iveco',    'Szary',  'Pojazd do montażu wież',             'Daily',        'Wieża Truck 3','WPL34567'),
                                                                                                      (4, '2024-04-05', '2024-04-30', '2017-01-01', 'MAN',      'Czarny', 'Ciężarówka chłodnicza',              'TGL',          'Chłodnia 4',   'WPL45678'),
                                                                                                      (5, '2024-05-01', '2024-08-01', '2021-01-01', 'Volvo',    'Biały',  'Pojazd diagnostyczny',               'FL',           'Diagnostyka 5','WPL56789'),
                                                                                                      (6, '2024-06-12', '2024-09-12', '2016-01-01', 'Renault',  'Zielony','Bus serwisowy dla zespołu',         'Master',       'Bus Serwis 6', 'WPL67890'),
                                                                                                      (7, '2024-07-08', '2024-10-08', '2015-01-01', 'Peugeot',  'Biały',  'Pojazd do wymiany łopat',            'Boxer',        'Łopaty 7',     'WPL78901'),
                                                                                                      (8, '2024-08-15', '2024-11-15', '2022-01-01', 'Citroën',  'Niebieski','Bus transportowy narzędzi',         'Jumper',       'Narzędzia 8',  'WPL89012'),
                                                                                                      (9, '2024-09-20', '2025-01-20', '2014-01-01', 'Fiat',     'Szary',  'Pojazd do pomiarów wibracji',        'Ducato',       'Wibracje 9',   'WPL90123'),
                                                                                                      (10,'2024-10-30', '2025-02-28', '2023-01-01', 'Volkswagen','Biały', 'Bus do montażu paneli sterujących',  'Crafter',      'Panele 10',    'WPL01234');

INSERT INTO car_cost (id, car_id, cost, date_from, date_to, description) VALUES
                                                                             (1,  1,  500.00, '2024-01-10', '2024-01-15', 'Przegląd układu hamulcowego'),
                                                                             (2,  1,  750.00, '2024-03-05', '2024-03-10', 'Wymiana oleju i filtrów'),
                                                                             (3,  1, 1200.00, '2024-05-20', '2024-05-25', 'Serwis silnika'),
                                                                             (4,  1,  300.00, '2024-07-15', '2024-07-16', 'Kontrola układu elektrycznego'),
                                                                             (5,  1,  650.00, '2024-09-01', '2024-09-03', 'Wymiana klocków hamulcowych'),

                                                                             (6,  2,  800.00, '2024-02-12', '2024-02-15', 'Przegląd zawieszenia'),
                                                                             (7,  2,  400.00, '2024-06-18', '2024-06-19', 'Naprawa chłodnicy'),
                                                                             (8,  2,  950.00, '2024-10-05', '2024-10-08', 'Serwis klimatyzacji'),

                                                                             (9,  3,  300.00, '2024-01-22', '2024-01-23', 'Kontrola ciśnienia opon'),
                                                                             (10, 3,  780.00, '2024-04-11', '2024-04-14', 'Wymiana akumulatora'),
                                                                             (11, 3, 1020.00, '2024-08-02', '2024-08-06', 'Serwis skrzyni biegów'),

                                                                             (12, 4,  450.00, '2024-03-30', '2024-04-01', 'Przegląd układu wydechowego'),
                                                                             (13, 4,  620.00, '2024-07-20', '2024-07-22', 'Wymiana amortyzatorów'),
                                                                             (14, 4,  380.00, '2024-11-10', '2024-11-11', 'Kontrola poziomu płynów'),

                                                                             (15, 5,  900.00, '2024-02-05', '2024-02-09', 'Serwis układu chłodzenia'),
                                                                             (16, 5,  550.00, '2024-05-15', '2024-05-17', 'Wymiana pasków napędowych'),
                                                                             (17, 5, 1300.00, '2024-08-25', '2024-08-30', 'Przegląd silnika głównego'),
                                                                             (18, 5,  480.00, '2024-10-20', '2024-10-21', 'Kontrola układu hamulcowego'),

                                                                             (19, 6,  720.00, '2024-03-12', '2024-03-14', 'Wymiana oleju przekładniowego'),
                                                                             (20, 6,  360.00, '2024-06-28', '2024-06-29', 'Przegląd układu elektrycznego'),
                                                                             (21, 6,  810.00, '2024-09-15', '2024-09-18', 'Serwis klimatyzacji'),

                                                                             (22, 7,  530.00, '2024-02-20', '2024-02-22', 'Przegląd narzędzi serwisowych'),
                                                                             (23, 7,  670.00, '2024-05-30', '2024-06-01', 'Wymiana zestawów montażowych'),
                                                                             (24, 7,  290.00, '2024-09-05', '2024-09-06', 'Kontrola stanu technicznego'),

                                                                             (25, 8,  410.00, '2024-03-18', '2024-03-19', 'Serwis pompy olejowej'),
                                                                             (26, 8,  580.00, '2024-06-22', '2024-06-24', 'Wymiana filtrów oleju'),
                                                                             (27, 8,  760.00, '2024-10-12', '2024-10-15', 'Przegląd układu hydraulicznego'),

                                                                             (28, 9,  650.00, '2024-04-10', '2024-04-11', 'Przegląd zaworów hydraulicznych'),

                                                                             (29, 10, 830.00, '2024-05-08', '2024-05-10', 'Serwis systemu chłodzenia'),
                                                                             (30, 10, 470.00, '2024-09-28', '2024-09-29', 'Kontrola paneli sterujących');
INSERT INTO cart_stock_positions (cart_id, stock_positions_id) VALUES
                                                                   (1,  1), (1,  2), (1,  3), (1,  4), (1,  5), (1,  6),
                                                                   (2,  7), (2,  8), (2,  9), (2, 10), (2, 11), (2, 12),
                                                                   (3, 13), (3, 14), (3, 15), (3, 16), (3, 17), (3, 18),
                                                                   (4, 19), (4, 20), (4, 21), (4, 22), (4, 23), (4, 24),
                                                                   (5, 25), (5, 26), (5, 27), (5, 28), (5, 29), (5, 30);
INSERT INTO product (id, stock, stock_position_id, unit_price, code, description, name) VALUES
                                                                                            (1, 50, 1, 1200.00, 'P-A01-001', 'Łopata turbiny model A', 'Łopata A'),
                                                                                            (2, 30, 2, 3400.00, 'P-A02-001', 'Silnik 12kW do turbiny', 'Silnik 12kW'),
                                                                                            (3, 40, 3, 250.00, 'P-A03-001', 'Łożysko kulkowe 6205', 'Łożysko 6205'),
                                                                                            (4, 25, 4, 950.00, 'P-A04-001', 'Czujnik temperatury PT100', 'Czujnik PT100'),
                                                                                            (5, 20, 5, 700.00, 'P-A05-001', 'Stalowa rama wieży', 'Rama wieży'),
                                                                                            (6, 100, 6, 15.00, 'P-A06-001', 'Kabel zasilający 3x2.5mm²', 'Kabel 2.5mm²'),
                                                                                            (8, 70, 8, 45.00, 'P-A08-001', 'Olej syntetyczny 5L', 'Olej 5L'),
                                                                                            (9, 30, 9, 420.00, 'P-A09-001', 'Zawór hydrauliczny 24V', 'Zawór 24V'),
                                                                                            (10, 18, 10, 500.00, 'P-A10-001', 'Wentylator chłodzący', 'Wentylator'),

                                                                                            (11, 15, 11, 950.00, 'P-B01-001', 'Wirnik zapasowy', 'Wirnik'),
                                                                                            (12, 14, 12, 310.00, 'P-B02-001', 'Koło zębate przekładni', 'Koło zębate'),
                                                                                            (13, 22, 13, 130.00, 'P-B03-001', 'Czujnik wibracji BOSCH', 'Czujnik BOSCH'),
                                                                                            (14, 12, 14, 65.00, 'P-B04-001', 'Lampa awaryjna LED', 'Lampa LED'),
                                                                                            (15, 90, 15, 5.00, 'P-B05-001', 'Śruba M12x80', 'Śruba M12'),
                                                                                            (16, 10, 16, 1250.00, 'P-B06-001', 'Panel operatorski Siemens', 'Panel Siemens'),
                                                                                            (17, 20, 17, 300.00, 'P-B07-001', 'Bezpiecznik 32A', 'Bezpiecznik 32A'),
                                                                                            (18, 13, 18, 360.00, 'P-B08-001', 'Zawór kulowy pneumatyczny', 'Zawór kulowy'),
                                                                                            (19, 16, 19, 50.00, 'P-B09-001', 'Pianka izolacyjna', 'Pianka'),
                                                                                            (20, 12, 20, 150.00, 'P-B10-001', 'Moduł komunikacyjny LTE', 'Moduł LTE'),

                                                                                            (21, 25, 21, 12.00, 'P-C01-001', 'Adapter 12V-24V', 'Adapter 12V-24V'),
                                                                                            (23, 6, 23, 160.00, 'P-C03-001', 'Osłona silnika', 'Osłona'),
                                                                                            (24, 18, 24, 45.00, 'P-C04-001', 'Farba antykorozyjna szara', 'Farba szara'),
                                                                                            (25, 15, 25, 200.00, 'P-C05-001', 'Akumulator AGM 12V', 'Akumulator AGM'),
                                                                                            (26, 9, 26, 320.00, 'P-C06-001', 'Sterownik PLC S7-1200', 'PLC S7'),
                                                                                            (27, 8, 27, 260.00, 'P-C07-001', 'Rura stalowa gięta', 'Rura stalowa'),
                                                                                            (28, 11, 28, 430.00, 'P-C08-001', 'Czujnik otwarcia', 'Czujnik otwarcia'),
                                                                                            (29, 13, 29, 35.00, 'P-C09-001', 'Filtr oleju', 'Filtr oleju'),
                                                                                            (30, 10, 30, 95.00, 'P-C10-001', 'Instrukcja montażu', 'Instrukcja montażu');


INSERT INTO task (id, cart_id, place_id, date_from, date_to, description, name, status) VALUES
                                                                                            (1,  1,  1,  '2024-06-01', '2024-06-05', 'Dostawa łopat turbin na farmę A',             'Dostawa łopat',            'TO_BE_PACKED'),
                                                                                            (2,  2,  2,  '2024-06-06', '2024-06-10', 'Transport zestawu narzędzi do serwisu T1',    'Transport narzędzi',        'IN_PROGRESS'),
                                                                                            (3,  3,  3,  '2024-07-01', '2024-07-03', 'Diagnostyka czujników wibracji',               'Diagnostyka sensorów',      'TO_BE_UNPACKED'),
                                                                                            (4,  4,  4,  '2024-07-04', '2024-07-07', 'Montaż paneli sterujących w wieży B',         'Montaż paneli',             'IN_PROGRESS'),
                                                                                            (5,  5,  5,  '2024-08-01', '2024-08-05', 'Uzupełnienie magazynu części zapasowych',      'Magazyn części',            'COMPLETED'),
                                                                                            (6,  1,  6,  '2024-08-06', '2024-08-09', 'Testy systemu chłodzenia gondoli',             'Testy chłodzenia',           'TO_BE_PACKED'),
                                                                                            (7,  2,  7,  '2024-09-01', '2024-09-04', 'Wymiana łożysk i tulei turbin',               'Wymiana łożysk',            'IN_PROGRESS'),
                                                                                            (8,  3,  8,  '2024-09-05', '2024-09-08', 'Dostawa smarów i olejów do stacji Smary i Oleje', 'Dostawa smarów',         'TO_BE_UNPACKED'),
                                                                                            (9,  4,  9,  '2024-10-01', '2024-10-04', 'Instalacja zaworów hydraulicznych',            'Montaż zaworów',            'IN_PROGRESS'),
                                                                                            (10, 5, 10,  '2024-10-05', '2024-10-08', 'Pomiary oświetlenia awaryjnego',               'Kontrola oświetlenia',      'COMPLETED'),
                                                                                            (11, 1,  2,  '2024-11-01', '2024-11-03', 'Serwis przewodów i okablowania',               'Serwis okablowania',        'TO_BE_PACKED'),
                                                                                            (12, 2,  3,  '2024-11-05', '2024-11-07', 'Kalibracja czujników temperatury',             'Kalibracja czujników',      'IN_PROGRESS'),
                                                                                            (13, 3,  4,  '2024-11-10', '2024-11-12', 'Montaż sekcji gondoli',                        'Montaż gondoli',            'TO_BE_UNPACKED'),
                                                                                            (14, 4,  5,  '2024-11-15', '2024-11-18', 'Kontrola stanu konstrukcji wieży',             'Inspekcja wieży',           'IN_PROGRESS'),
                                                                                            (15, 5,  6,  '2024-12-01', '2024-12-04', 'Dostawa filtrów powietrza i oleju',            'Dostawa filtrów',           'TO_BE_PACKED'),
                                                                                            (16, 1,  7,  '2024-12-06', '2024-12-09', 'Przegląd narzędzi serwisowych',                'Przegląd narzędzi',         'COMPLETED'),
                                                                                            (17, 2,  8,  '2024-12-10', '2024-12-12', 'Odnowa oznakowania awaryjnego',               'Oznakowanie awaryjne',      'TO_BE_UNPACKED'),
                                                                                            (18, 3,  9,  '2024-12-15', '2024-12-17', 'Testy systemu komunikacji',                    'Testy komunikacji',         'IN_PROGRESS'),
                                                                                            (19, 4, 10,  '2025-01-05', '2025-01-08', 'Serwis systemu chłodzenia gondoli – kontynuacja', 'Serwis chłodzenia',     'TO_BE_PACKED'),
                                                                                            (20, 5,  1,  '2025-01-10', '2025-01-13', 'Aktualizacja dokumentacji technicznej',        'Aktualizacja dokumentów',   'COMPLETED');
INSERT INTO task_car (car_id, task_id) VALUES
                                           (1,  1),
                                           (2,  2),
                                           (3,  3),
                                           (4,  4),
                                           (5,  5),
                                           (6,  6),
                                           (7,  7),
                                           (8,  8),
                                           (9,  9),
                                           (10, 10),
                                           (1,  11),
                                           (2,  12),
                                           (3,  13),
                                           (4,  14),
                                           (5,  15),
                                           (6,  16),
                                           (7,  17),
                                           (8,  18),
                                           (9,  19),
                                           (10, 20);
INSERT INTO task_product (product_id, task_id) VALUES
                                                   (1,  1),
                                                   (2,  2),
                                                   (3,  3),
                                                   (4,  4),
                                                   (5,  5),
                                                   (6,  6),
                                                   (6,  7),
                                                   (6,  8),
                                                   (6,  9),
                                                   (10, 10),
                                                   (11, 11),
                                                   (12, 12),
                                                   (15, 13),
                                                   (14, 14),
                                                   (15, 15),
                                                   (16, 16),
                                                   (17, 17),
                                                   (18, 18),
                                                   (19, 19),
                                                   (20, 20);
INSERT INTO task_product_used (product_id, task_id) VALUES
                                                        (1,  1),
                                                        (2,  2),
                                                        (3,  3),
                                                        (4,  4),
                                                        (5,  5),
                                                        (6,  6),
                                                        (6,  7),
                                                        (6,  8),
                                                        (9,  9),
                                                        (10, 10),
                                                        (11, 11),
                                                        (12, 12),
                                                        (13, 13),
                                                        (14, 14),
                                                        (15, 15),
                                                        (16, 16),
                                                        (17, 17),
                                                        (18, 18),
                                                        (19, 19),
                                                        (20, 20);
INSERT INTO tool (id, price, stock_position_id, code, description, name, status) VALUES
                                                                                     (1,  25.00,  7, 'TL001', 'Zestaw kluczy serwisowych',                  'Klucze serwisowe',    'STOCK'),
                                                                                     (2,  40.00,  7, 'TL002', 'Zestaw nasadek i przedłużeń',                 'Nasadki serwisowe',    'STOCK'),
                                                                                     (3,  15.00,  7, 'TL003', 'Młotek gumowy do montażu paneli',            'Młotek gumowy',        'USE'),
                                                                                     (4,  30.00,  22,'TL004', 'Tester wibracji i temperatury',             'Tester wibracji',      'STOCK'),
                                                                                     (5,  50.00,  22,'TL005', 'Kalibrator czujników temperatury',            'Kalibrator sensorów',  'REPAIR'),
                                                                                     (6,  20.00,  22, 'TL006', 'Zestaw przewodów pomiarowych',               'Przewody pomiarowe',   'USE'),
                                                                                     (7,  35.00,  7, 'TL007', 'Pistolet do smarowania i olejowania',        'Pistolet smarujący',   'STOCK'),
                                                                                     (8,  45.00,  22, 'TL008', 'Manometr do pomiaru ciśnienia oleju',        'Manometr olejowy',     'USE'),
                                                                                     (9,  60.00,  7, 'TL009', 'Multimetr cyfrowy do diagnostyki układów',   'Multimetr',            'STOCK'),
                                                                                     (10, 55.00,  7, 'TL010', 'Zestaw lutowniczy do napraw elektroniki',    'Zestaw lutowniczy',    'REPAIR');
INSERT INTO task_tool (task_id, tool_id) VALUES
                                             (1,  1),
                                             (2,  2),
                                             (3,  3),
                                             (4,  4),
                                             (5,  5),
                                             (6,  6),
                                             (7,  7),
                                             (8,  8),
                                             (9,  9),
                                             (10, 10),
                                             (11, 1),
                                             (12, 2),
                                             (13, 3),
                                             (14, 4),
                                             (15, 5),
                                             (16, 6),
                                             (17, 7),
                                             (18, 8),
                                             (19, 9),
                                             (20, 10);
INSERT INTO task_user (task_id, user_id) VALUES
                                             (1,  1),
                                             (2,  2),
                                             (3,  3),
                                             (4,  1),
                                             (5,  2),
                                             (6,  3),
                                             (7,  1),
                                             (8,  2),
                                             (9,  3),
                                             (10, 1),
                                             (11, 2),
                                             (12, 3),
                                             (13, 1),
                                             (14, 2),
                                             (15, 3),
                                             (16, 1),
                                             (17, 2),
                                             (18, 3),
                                             (19, 1),
                                             (20, 2);
INSERT INTO tool_cost (id, cost, tool_id, date_from, date_to, description) VALUES
                                                                               (1,  10.00, 1, '2024-06-01', '2024-06-03', 'Przegląd i czyszczenie kluczy serwisowych'),
                                                                               (2,  12.50, 2, '2024-06-05', '2024-06-06', 'Uzupełnienie brakujących nasadek'),
                                                                               (3,   8.00, 3, '2024-06-10', '2024-06-11', 'Wymiana rękojeści młotka gumowego'),
                                                                               (4,  20.00, 4, '2024-06-15', '2024-06-16', 'Kalibracja testera wibracji'),
                                                                               (5,  18.00, 5, '2024-06-20', '2024-06-21', 'Naprawa modułu kalibratora'),
                                                                               (6,   6.00, 6, '2024-06-25', '2024-06-25', 'Zakup nowych końcówek pomiarowych'),
                                                                               (7,  15.00, 7, '2024-07-01', '2024-07-02', 'Konserwacja pistoletu smarującego'),
                                                                               (8,  17.50, 8, '2024-07-05', '2024-07-06', 'Kalibracja manometru olejowego'),
                                                                               (9,  22.00, 9, '2024-07-10', '2024-07-12', 'Wymiana sondy w multimetrze'),
                                                                               (10, 30.00,10,'2024-07-15', '2024-07-16', 'Naprawa grotu lutownicy');
INSERT INTO worker_qualification (id, user_id, date_from, date_to, description, qualification) VALUES
                                                                                                   (1,  1, '2023-01-01', '2023-12-31', 'Uprawnienia do pracy na wysokości',               'Praca na wysokości'),
                                                                                                   (2,  2, '2022-05-01', '2024-05-01', 'Szkolenie z zakresu elektryki przemysłowej',       'Elektryk przemysłowy'),
                                                                                                   (3,  3, '2023-03-15', '2025-03-15', 'Uprawnienia SEP do 1kV',                           'SEP 1kV'),
                                                                                                   (4,  1, '2024-01-10', '2026-01-10', 'Obsługa dźwigów i podnośników',                   'Operator dźwigu'),
                                                                                                   (5,  2, '2023-07-01', '2025-07-01', 'Szkolenie z zakresu systemów hydraulicznych',      'Technik hydrauliki'),
                                                                                                   (6,  3, '2024-02-01', '2026-02-01', 'Certyfikat konserwatora turbin wiatrowych',        'Konserwator turbin'),
                                                                                                   (7,  1, '2022-09-15', '2024-09-15', 'Szkolenie BHP dla pracowników technicznych',       'BHP techniczny'),
                                                                                                   (8,  2, '2023-11-01', '2025-11-01', 'Szkolenie z obsługi narzędzi diagnostycznych',     'Diagnostyk'),
                                                                                                   (9,  3, '2024-04-01', '2026-04-01', 'Kurs lutowania i napraw elektroniki przemysłowej', 'Technik lutowania'),
                                                                                                   (10, 1, '2023-08-20', '2025-08-20', 'Szkolenie z obsługi platform roboczych',           'Operator platformy');
