INSERT INTO car (id, name, description, model, color, owner, engine_capacity, brand, vin, registration, course,
                 course_date, timing_system_interval_km, timing_system_course, oil_change_course,
                 oil_change_interval_km, year, review, insured)
VALUES (1, 'Auto 1', 'Samochód służbowy 1', 'VIVARO', 'biały', 'WINDFORCE', '1997', 'OPEL', 'VXEVFEHTMNZ025526',
        'WD 9369S', 98497, '2025-07-27', 110000, 0, 86664, 15000, '2022-01-01', '2025-08-29', '2026-04-01'),
       (2, 'Auto 2', 'Samochód służbowy 2', 'VIVARO', 'biały', 'WINDFORCE', '1997', 'OPEL', 'VXEVFEHTMP7806128',
        'WU 9856P', 86605, '2025-07-27', 110000, 0, 82573, 15000, '2023-01-01', '2026-06-25', '2026-04-01'),
       (3, 'Auto 3', 'Samochód służbowy 3', 'VIVARO', 'biały', 'WINDFORCE', '1997', 'OPEL', 'VXEVFEHTMNZ023538',
        'WD 9371S', 79750, '2025-07-27', 110000, 0, 68748, 15000, '2022-01-01', '2027-05-19', '2026-04-01'),
       (4, 'Auto 4', 'Samochód służbowy 4', 'VIVARO', 'biały', 'WINDFORCE', '1995', 'OPEL', 'W0LF7A1A1EV644255',
        'WGM 9805J', 241801, '2025-07-27', 110000, 0, 238368, 15000, '2014-01-01', '2026-01-24', '2026-04-01'),
       (5, 'Auto 5', 'Samochód służbowy 5', 'TRANSPORTER T4 TDI', 'biały', 'RM', '2461', 'VOLKSWAGEN',
        'WV1ZZZ70Z3H019713', 'WGM 7521K', 328509, '2025-07-27', 110000, 0, 321669, 15000, '2003-01-01', '2026-04-03',
        '2025-10-11'),
       (6, 'Auto 6', 'Samochód służbowy 6', 'TRANSPORTER T4 TDI', 'biały', 'RM', '2461', 'VOLKSWAGEN',
        'WV1ZZZ70Z2H059843', 'WGM 7435K', 303036, '2025-03-23', 110000, 0, 303036, 15000, '2002-01-01', '2026-03-24',
        '2026-05-16'),
       (7, 'Auto 7', 'Samochód służbowy 7', 'TRANSPORTER T4 TDI', 'biały', 'RM', '2461', 'VOLKSWAGEN',
        'WV1ZZZ70Z3H011385', 'WGM 7436K', 347731, '2025-07-27', 110000, 0, 347731, 15000, '2002-01-01', '2025-12-03',
        '2026-04-18'),
       (8, 'Auto 8', 'Samochód służbowy 8', 'TRANSPORTER T4 TDI', 'biały', 'RM', '2461', 'VOLKSWAGEN',
        'WV1ZZZ70Z3X024193', 'WGM 7439K', 254891, '2025-07-27', 110000, 0, 246169, 15000, '2002-01-01', '2025-11-04',
        '2025-09-22'),
       (9, 'Auto 9', 'Samochód służbowy 9', 'TRANSPORTER T4 TDI', 'czarny', 'RM', '2461', 'VOLKSWAGEN',
        'WV1ZZZ70ZXH118573', 'WGM 7437K', 492955, '2024-02-22', 10000, 487955, 487955, 10000, '1999-01-01',
        '2024-07-19', '2026-05-17'),
       (10, 'Auto 10', 'Samochód służbowy 10', 'VITO 109 CDI', 'biały', 'RM', '2148', 'MERCEDES-BENZ',
        'WDF63960113542826', 'SB 7305L', 260133, '2025-07-27', 10000, 255133, 255133, 10000, '2009-01-01', '2026-02-21',
        '2026-04-27'),
       (11, 'Auto 11', 'Samochód służbowy 11', 'TRANSIT', 'biały', 'W&P MEBLE', '1995', 'FORD', 'WF0EXXTTRERA04100',
        'SCI 6343L', 47000, '2025-07-27', 10000, 42000, 42000, 10000, '2024-01-01', '2027-09-13', '2025-09-12'),
       (12, 'Auto 12', 'Samochód służbowy 12', 'DAILY', 'biały', 'M. BUDZISZEWSKA', '2998', 'IVECO',
        'ZCFC535C2R5610493', 'WGM 6125L', 45993, '2025-07-27', 10000, 40993, 40993, 10000, '2024-01-01', '2027-09-26',
        '2025-09-25'),
       (13, 'Auto 13', 'Samochód służbowy 13', 'DAILY', 'biały', 'M. BUDZISZEWSKA', '2998', 'IVECO',
        'ZCFC535C7R5611266', 'WGM 6097L', 45740, '2025-07-27', 10000, 40740, 40740, 10000, '2024-01-01', '2027-09-26',
        '2025-09-25'),
       (14, 'Auto 14', 'Samochód służbowy 14', 'TRANSIT', 'biały', 'D. CZARNECKI', NULL, 'FORD', 'WF0KXXTTGKJJ07576',
        'GKA 0416E', NULL, NULL, 10000, NULL, NULL, 10000, '2018-01-01', '2025-09-23', '2025-10-08'),
       (15, 'Auto 15', 'Samochód służbowy 15', 'DAILY', 'szary', 'S. JANCZURA', NULL, 'IVECO', NULL, 'WGM 5862L', NULL,
        NULL, 10000, NULL, NULL, 10000, '2024-01-01', NULL, NULL),
       (16, 'Auto 16', 'Samochód służbowy 16', 'DAILY', 'biały', 'SPÓŁKOWE', NULL, 'IVECO', NULL, 'ST 2178W', NULL,
        NULL, 10000, NULL, NULL, 10000, '2023-01-01', NULL, NULL),
       (17, 'Auto 17', 'Samochód służbowy 17', 'TRAFFIC', 'biały', 'A. ZEMAN', NULL, 'RENAULT', NULL, 'SB 890GE', NULL,
        NULL, 10000, NULL, NULL, 10000, '2014-01-01', NULL, NULL),
       (18, 'Auto 18', 'Samochód służbowy 18', 'TRANSPORTER T5', 'biały', 'D. CZARNECKI', NULL, 'VOLKSWAGEN',
        'WV2ZZZ7HZ7H053766', 'SB 985FM', 417697, '2025-07-26', 10000, 412697, 412697, 10000, '2006-01-01', '2025-10-21',
        '2025-10-23'),
       (19, 'Auto 19', 'Samochód służbowy 19', 'TRAFFIC', 'biały', 'R. KONIOR', NULL, 'RENAULT', NULL, 'SZY 87163',
        NULL, NULL, 10000, NULL, NULL, 10000, '2019-01-01', NULL, NULL),
       (20, 'Auto 20', 'Samochód służbowy 20', 'VITO 113 CDI', 'niebieski', 'WINDFORCE', '2143', 'MERCEDES-BENZ',
        'WDF63960313688181', 'ZST 8395C', 314858, '2025-07-26', 10000, 309858, 309858, 10000, '2011-01-01',
        '2026-03-20', '2026-03-24'),
       (21, 'Auto 21', 'Samochód służbowy 21', 'DAILY', 'biały', 'D. CZARNECKI', NULL, 'IVECO', 'ZCFCB35B005599061',
        'SB 613GT', NULL, NULL, 10000, NULL, NULL, 10000, '2023-01-01', '2027-03-24', '2026-03-26'),
       (22, 'Auto 22', 'Samochód służbowy 22', 'TRANSIT', 'granatowy', 'W&P MEBLE', NULL, 'FORD', NULL, 'SCI 4681M',
        NULL, NULL, 10000, NULL, NULL, 10000, '2020-01-01', NULL, NULL);


INSERT INTO cart (id, description, name) VALUES
                                             (1, 'Przygotowanie części do dostawy na farmę A',         'Koszyk Dostawy A'),
                                             (2, 'Zestaw narzędzi serwisowych dla T1',                  'Koszyk Serwis T1'),
                                             (3, 'Materiały do testów systemu chłodzenia',              'Koszyk Testów Chłodzenia'),
                                             (4, 'Części zapasowe do generatorów',                      'Koszyk Generator'),
                                             (5, 'Akcesoria do inspekcji czujników wibracji',           'Koszyk Diagnostyka');


INSERT INTO stock_position (id, min_stock, description, name,warehouse_id) VALUES
                                                                               (7, 20, 'Zestawy narzędzi serwisowych', 'A07',1),
                                                                               (22, 10, 'Zestawy do diagnostyki i pomiarów', 'C02',1);

INSERT INTO car_cost (id, car_id, cost, date_from, date_to, description) VALUES
                                                                             (1,  1,  500.00, '2024-01-10', '2024-01-15', 'Przegląd układu hamulcowego'),
                                                                             (2,  1,  750.00, '2024-03-05', '2024-03-10', 'Wymiana oleju i filtrów'),
                                                                             (3,  1, 1200.00, '2024-05-20', '2024-05-25', 'Serwis silnika'),
                                                                             (4,  1,  300.00, '2024-07-15', '2024-07-16', 'Kontrola układu elektrycznego'),
                                                                             (5,  1,  650.00, '2024-09-01', '2024-09-03', 'Wymiana klocków hamulcowych'),

                                                                             (6,  2,  800.00, '2024-02-12', '2024-02-15', 'Przegląd zawieszenia'),
                                                                             (7,  2,  400.00, '2024-06-18', '2024-06-19', 'Naprawa chłodnicy'),
                                                                             (8,  2,  950.00, '2024-10-05', '2024-10-08', 'Serwis klimatyzacji'),

                                                                             (9,  3,  300.00, '2024-01-22', '2024-01-23', 'Kontrola ciśnienia opon'),
                                                                             (10, 3,  780.00, '2024-04-11', '2024-04-14', 'Wymiana akumulatora'),
                                                                             (11, 3, 1020.00, '2024-08-02', '2024-08-06', 'Serwis skrzyni biegów'),

                                                                             (12, 4,  450.00, '2024-03-30', '2024-04-01', 'Przegląd układu wydechowego'),
                                                                             (13, 4,  620.00, '2024-07-20', '2024-07-22', 'Wymiana amortyzatorów'),
                                                                             (14, 4,  380.00, '2024-11-10', '2024-11-11', 'Kontrola poziomu płynów'),

                                                                             (15, 5,  900.00, '2024-02-05', '2024-02-09', 'Serwis układu chłodzenia'),
                                                                             (16, 5,  550.00, '2024-05-15', '2024-05-17', 'Wymiana pasków napędowych'),
                                                                             (17, 5, 1300.00, '2024-08-25', '2024-08-30', 'Przegląd silnika głównego'),
                                                                             (18, 5,  480.00, '2024-10-20', '2024-10-21', 'Kontrola układu hamulcowego'),

                                                                             (19, 6,  720.00, '2024-03-12', '2024-03-14', 'Wymiana oleju przekładniowego'),
                                                                             (20, 6,  360.00, '2024-06-28', '2024-06-29', 'Przegląd układu elektrycznego'),
                                                                             (21, 6,  810.00, '2024-09-15', '2024-09-18', 'Serwis klimatyzacji'),

                                                                             (22, 7,  530.00, '2024-02-20', '2024-02-22', 'Przegląd narzędzi serwisowych'),
                                                                             (23, 7,  670.00, '2024-05-30', '2024-06-01', 'Wymiana zestawów montażowych'),
                                                                             (24, 7,  290.00, '2024-09-05', '2024-09-06', 'Kontrola stanu technicznego'),

                                                                             (25, 8,  410.00, '2024-03-18', '2024-03-19', 'Serwis pompy olejowej'),
                                                                             (26, 8,  580.00, '2024-06-22', '2024-06-24', 'Wymiana filtrów oleju'),
                                                                             (27, 8,  760.00, '2024-10-12', '2024-10-15', 'Przegląd układu hydraulicznego'),

                                                                             (28, 9,  650.00, '2024-04-10', '2024-04-11', 'Przegląd zaworów hydraulicznych'),

                                                                             (29, 10, 830.00, '2024-05-08', '2024-05-10', 'Serwis systemu chłodzenia'),
                                                                             (30, 10, 470.00, '2024-09-28', '2024-09-29', 'Kontrola paneli sterujących');


-- car_product (relacje między samochodami a produktami)

INSERT INTO product (id, min_stock, code, description, name, position, warehouse_id)
VALUES (1, 10, 'P-A01-001', 'Łopata turbiny model A', 'Łopata A', 'A01', 1),
       (2, 10, 'P-A02-001', 'Silnik 12kW do turbiny', 'Silnik 12kW', 'A02', 1),
       (3, 10, 'P-A03-001', 'Łożysko kulkowe 6205', 'Łożysko 6205', 'A03', 1),
       (4, 10, 'P-A04-001', 'Czujnik temperatury PT100', 'Czujnik PT100', 'A04', 1),
       (5, 10, 'P-A05-001', 'Stalowa rama wieży', 'Rama wieży', 'A05', 1),
       (6, 10, 'P-A06-001', 'Kabel zasilający 3x2.5mm²', 'Kabel 2.5mm²', 'A06', 1),
       (8, 10, 'P-A08-001', 'Olej syntetyczny 5L', 'Olej 5L', 'A08', 1),
       (9, 10, 'P-A09-001', 'Zawór hydrauliczny 24V', 'Zawór 24V', 'A09', 1),
       (10, 10, 'P-A10-001', 'Wentylator chłodzący', 'Wentylator', 'A10', 1),

       (11, 10, 'P-B01-001', 'Wirnik zapasowy', 'Wirnik', 'B01', 1),
       (12, 10, 'P-B02-001', 'Koło zębate przekładni', 'Koło zębate', 'B02', 1),
       (13, 10, 'P-B03-001', 'Czujnik wibracji BOSCH', 'Czujnik BOSCH', 'B03', 1),
       (14, 10, 'P-B04-001', 'Lampa awaryjna LED', 'Lampa LED', 'B04', 1),
       (15, 10, 'P-B05-001', 'Śruba M12x80', 'Śruba M12', 'B05', 1),
       (16, 10, 'P-B06-001', 'Panel operatorski Siemens', 'Panel Siemens', 'B06', 1),
       (17, 10, 'P-B07-001', 'Bezpiecznik 32A', 'Bezpiecznik 32A', 'B07', 1),
       (18, 10, 'P-B08-001', 'Zawór kulowy pneumatyczny', 'Zawór kulowy', 'B08', 1),
       (19, 10, 'P-B09-001', 'Pianka izolacyjna', 'Pianka', 'B09', 1),
       (20, 10, 'P-B10-001', 'Moduł komunikacyjny LTE', 'Moduł LTE', 'B10', 1),

       (21, 10, 'P-C01-001', 'Adapter 12V-24V', 'Adapter 12V-24V', 'C01', 1),
       (23, 10, 'P-C03-001', 'Osłona silnika', 'Osłona', 'C03', 1),
       (24, 10, 'P-C04-001', 'Farba antykorozyjna szara', 'Farba szara', 'C04', 1),
       (25, 10, 'P-C05-001', 'Akumulator AGM 12V', 'Akumulator AGM', 'C05', 1),
       (26, 10, 'P-C06-001', 'Sterownik PLC S7-1200', 'PLC S7', 'C06', 1),
       (27, 10, 'P-C07-001', 'Rura stalowa gięta', 'Rura stalowa', 'C07', 1),
       (28, 10, 'P-C08-001', 'Czujnik otwarcia', 'Czujnik otwarcia', 'C08', 1),
       (29, 10, 'P-C09-001', 'Filtr oleju', 'Filtr oleju', 'C09', 1),
       (30, 10, 'P-C10-001', 'Instrukcja montażu', 'Instrukcja montażu', 'C10', 1);
INSERT INTO task (id, date_from, date_to, description, name, status)
VALUES (1, '2024-06-01', '2024-06-05', 'Dostawa łopat turbin na farmę A', 'Dostawa łopat', 'TO_BE_PACKED'),
       (2, '2024-06-06', '2024-06-10', 'Transport zestawu narzędzi do serwisu T1', 'Transport narzędzi', 'IN_PROGRESS'),
       (3, '2024-07-01', '2024-07-03', 'Diagnostyka czujników wibracji', 'Diagnostyka sensorów', 'TO_BE_UNPACKED'),
       (4, '2024-07-04', '2024-07-07', 'Montaż paneli sterujących w wieży B', 'Montaż paneli', 'IN_PROGRESS'),
       (5, '2024-08-01', '2024-08-05', 'Uzupełnienie magazynu części zapasowych', 'Magazyn części', 'COMPLETED'),
       (6, '2024-08-06', '2024-08-09', 'Testy systemu chłodzenia gondoli', 'Testy chłodzenia', 'TO_BE_PACKED'),
       (7, '2024-09-01', '2024-09-04', 'Wymiana łożysk i tulei turbin', 'Wymiana łożysk', 'IN_PROGRESS'),
       (8, '2024-09-05', '2024-09-08', 'Dostawa smarów i olejów do stacji Smary i Oleje', 'Dostawa smarów',
        'TO_BE_UNPACKED'),
       (9, '2024-10-01', '2024-10-04', 'Instalacja zaworów hydraulicznych', 'Montaż zaworów', 'IN_PROGRESS'),
       (10, '2024-10-05', '2024-10-08', 'Pomiary oświetlenia awaryjnego', 'Kontrola oświetlenia', 'COMPLETED'),
       (11, '2024-11-01', '2024-11-03', 'Serwis przewodów i okablowania', 'Serwis okablowania', 'TO_BE_PACKED'),
       (12, '2024-11-05', '2024-11-07', 'Kalibracja czujników temperatury', 'Kalibracja czujników', 'IN_PROGRESS'),
       (13, '2024-11-10', '2024-11-12', 'Montaż sekcji gondoli', 'Montaż gondoli', 'TO_BE_UNPACKED'),
       (14, '2024-11-15', '2024-11-18', 'Kontrola stanu konstrukcji wieży', 'Inspekcja wieży', 'IN_PROGRESS'),
       (15, '2024-12-01', '2024-12-04', 'Dostawa filtrów powietrza i oleju', 'Dostawa filtrów', 'TO_BE_PACKED'),
       (16, '2024-12-06', '2024-12-09', 'Przegląd narzędzi serwisowych', 'Przegląd narzędzi', 'COMPLETED'),
       (17, '2024-12-10', '2024-12-12', 'Odnowa oznakowania awaryjnego', 'Oznakowanie awaryjne', 'TO_BE_UNPACKED'),
       (18, '2024-12-15', '2024-12-17', 'Testy systemu komunikacji', 'Testy komunikacji', 'IN_PROGRESS'),
       (19, '2025-01-05', '2025-01-08', 'Serwis systemu chłodzenia gondoli – kontynuacja', 'Serwis chłodzenia',
        'TO_BE_PACKED'),
       (20, '2025-01-10', '2025-01-13', 'Aktualizacja dokumentacji technicznej', 'Aktualizacja dokumentów',
        'COMPLETED');
INSERT INTO task_car (car_id, task_id)
VALUES
    (1,  1),
    (2,  2),
    (3,  3),
    (4,  4),
    (5,  5),
    (6,  6),
    (7,  7),
    (8,  8),
    (9,  9),
    (10, 10),
    (1,  11),
    (2,  12),
    (3,  13),
    (4,  14),
    (5,  15),
    (6,  16),
    (7,  17),
    (8,  18),
    (9,  19),
    (10, 20);


INSERT INTO tool (id, price, stock_position_id, code, description, name, status) VALUES
                                                                                     (1,  25.00,  7, 'TL001', 'Zestaw kluczy serwisowych',                  'Klucze serwisowe',    'STOCK'),
                                                                                     (2,  40.00,  7, 'TL002', 'Zestaw nasadek i przedłużeń',                 'Nasadki serwisowe',    'STOCK'),
                                                                                     (3,  15.00,  7, 'TL003', 'Młotek gumowy do montażu paneli',            'Młotek gumowy',        'USE'),
                                                                                     (4,  30.00,  22,'TL004', 'Tester wibracji i temperatury',             'Tester wibracji',      'STOCK'),
                                                                                     (5,  50.00,  22,'TL005', 'Kalibrator czujników temperatury',            'Kalibrator sensorów',  'REPAIR'),
                                                                                     (6,  20.00,  22, 'TL006', 'Zestaw przewodów pomiarowych',               'Przewody pomiarowe',   'USE'),
                                                                                     (7,  35.00,  7, 'TL007', 'Pistolet do smarowania i olejowania',        'Pistolet smarujący',   'STOCK'),
                                                                                     (8,  45.00,  22, 'TL008', 'Manometr do pomiaru ciśnienia oleju',        'Manometr olejowy',     'USE'),
                                                                                     (9,  60.00,  7, 'TL009', 'Multimetr cyfrowy do diagnostyki układów',   'Multimetr',            'STOCK'),
                                                                                     (10, 55.00,  7, 'TL010', 'Zestaw lutowniczy do napraw elektroniki',    'Zestaw lutowniczy',    'REPAIR');

INSERT INTO task_user (task_id, user_id) VALUES
                                             (1,  1),
                                             (2,  2),
                                             (3,  3),
                                             (4,  1),
                                             (5,  2),
                                             (6,  3),
                                             (7,  1),
                                             (8,  2),
                                             (9,  3),
                                             (10, 1),
                                             (11, 2),
                                             (12, 3),
                                             (13, 1),
                                             (14, 2),
                                             (15, 3),
                                             (16, 1),
                                             (17, 2),
                                             (18, 3),
                                             (19, 1),
                                             (20, 2);
INSERT INTO tool_cost (id, cost, tool_id, date_from, date_to, description) VALUES
                                                                               (1,  10.00, 1, '2024-06-01', '2024-06-03', 'Przegląd i czyszczenie kluczy serwisowych'),
                                                                               (2,  12.50, 2, '2024-06-05', '2024-06-06', 'Uzupełnienie brakujących nasadek'),
                                                                               (3,   8.00, 3, '2024-06-10', '2024-06-11', 'Wymiana rękojeści młotka gumowego'),
                                                                               (4,  20.00, 4, '2024-06-15', '2024-06-16', 'Kalibracja testera wibracji'),
                                                                               (5,  18.00, 5, '2024-06-20', '2024-06-21', 'Naprawa modułu kalibratora'),
                                                                               (6,   6.00, 6, '2024-06-25', '2024-06-25', 'Zakup nowych końcówek pomiarowych'),
                                                                               (7,  15.00, 7, '2024-07-01', '2024-07-02', 'Konserwacja pistoletu smarującego'),
                                                                               (8,  17.50, 8, '2024-07-05', '2024-07-06', 'Kalibracja manometru olejowego'),
                                                                               (9,  22.00, 9, '2024-07-10', '2024-07-12', 'Wymiana sondy w multimetrze'),
                                                                               (10, 30.00,10,'2024-07-15', '2024-07-16', 'Naprawa grotu lutownicy');
INSERT INTO worker_qualification (id, user_id, date_from, date_to, description, qualification) VALUES
                                                                                                   (1,  1, '2023-01-01', '2023-12-31', 'Uprawnienia do pracy na wysokości',               'Praca na wysokości'),
                                                                                                   (2,  2, '2022-05-01', '2024-05-01', 'Szkolenie z zakresu elektryki przemysłowej',       'Elektryk przemysłowy'),
                                                                                                   (3,  3, '2023-03-15', '2025-03-15', 'Uprawnienia SEP do 1kV',                           'SEP 1kV'),
                                                                                                   (4,  1, '2024-01-10', '2026-01-10', 'Obsługa dźwigów i podnośników',                   'Operator dźwigu'),
                                                                                                   (5,  2, '2023-07-01', '2025-07-01', 'Szkolenie z zakresu systemów hydraulicznych',      'Technik hydrauliki'),
                                                                                                   (6,  3, '2024-02-01', '2026-02-01', 'Certyfikat konserwatora turbin wiatrowych',        'Konserwator turbin'),
                                                                                                   (7,  1, '2022-09-15', '2024-09-15', 'Szkolenie BHP dla pracowników technicznych',       'BHP techniczny'),
                                                                                                   (8,  2, '2023-11-01', '2025-11-01', 'Szkolenie z obsługi narzędzi diagnostycznych',     'Diagnostyk'),
                                                                                                   (9,  3, '2024-04-01', '2026-04-01', 'Kurs lutowania i napraw elektroniki przemysłowej', 'Technik lutowania'),
                                                                                                   (10, 1, '2023-08-20', '2025-08-20', 'Szkolenie z obsługi platform roboczych',           'Operator platformy');


INSERT INTO cart_item (cart_id, id, product_id, quantity, stock_position_id) VALUES
                                                                                 (1, 1, 1, 1, NULL),
                                                                                 (2, 2, 2, 2, NULL),
                                                                                 (3, 3, 3, 3, NULL),
                                                                                 (4, 4, 4, 4, NULL),
                                                                                 (5, 5, 5, 5, NULL),
                                                                                 (1, 6, 6, 6, NULL),
                                                                                 (2, 7, NULL, 7, 7),
                                                                                 (3, 8, 8, 8, NULL),
                                                                                 (4, 9, 9, 9, NULL),
                                                                                 (5, 10, 10, 10, NULL),
                                                                                 (1, 11, 11, 11, NULL),
                                                                                 (2, 12, 12, 12, NULL),
                                                                                 (3, 13, 13, 13, NULL),
                                                                                 (4, 14, 14, 14, NULL),
                                                                                 (5, 15, 15, 15, NULL),
                                                                                 (5, 16, 16, 16, NULL),
                                                                                 (4, 17, 17, 17, NULL),
                                                                                 (3, 18, 18, 18, NULL),
                                                                                 (2, 19, 19, 19, NULL),
                                                                                 (1, 20, 20, 20, NULL),
                                                                                 (1, 21, 21, 21, NULL),
                                                                                 (2, 22, NULL, 22, 22),
                                                                                 (3, 23, 23, 23, NULL),
                                                                                 (4, 24, 24, 24, NULL),
                                                                                 (5, 25, 25, 25, NULL),
                                                                                 (5, 26, 26, 26, NULL),
                                                                                 (4, 27, 27, 27, NULL),
                                                                                 (3, 28, 28, 28, NULL),
                                                                                 (2, 29, 29, 29, NULL),
                                                                                 (1, 30, 30, 30, NULL);

